MUNIDESC,SALE_YEAR,annual_sale_count
10TH WARD -  MCKEESPORT,2012,9
10TH WARD -  MCKEESPORT,2013,6
10TH WARD -  MCKEESPORT,2014,2
10TH WARD -  MCKEESPORT,2017,3
10TH WARD -  MCKEESPORT,2018,5
10TH WARD -  MCKEESPORT,2019,1
10TH WARD -  MCKEESPORT,2020,2
10TH WARD -  MCKEESPORT,2021,1
10TH WARD -  MCKEESPORT,2022,4
10TH WARD -  MCKEESPORT,2023,4
10TH WARD -  MCKEESPORT,2024,4
10TH WARD -  MCKEESPORT,2025,2
10TH WARD - PITTSBURGH,2012,118
10TH WARD - PITTSBURGH,2013,63
10TH WARD - PITTSBURGH,2014,27
10TH WARD - PITTSBURGH,2015,36
10TH WARD - PITTSBURGH,2016,46
10TH WARD - PITTSBURGH,2017,44
10TH WARD - PITTSBURGH,2018,61
10TH WARD - PITTSBURGH,2019,38
10TH WARD - PITTSBURGH,2020,61
10TH WARD - PITTSBURGH,2021,60
10TH WARD - PITTSBURGH,2022,127
10TH WARD - PITTSBURGH,2023,109
10TH WARD - PITTSBURGH,2024,112
10TH WARD - PITTSBURGH,2025,61
11TH WARD  - MCKEESPORT,2012,10
11TH WARD  - MCKEESPORT,2013,7
11TH WARD  - MCKEESPORT,2014,3
11TH WARD  - MCKEESPORT,2015,3
11TH WARD  - MCKEESPORT,2016,1
11TH WARD  - MCKEESPORT,2017,1
11TH WARD  - MCKEESPORT,2018,8
11TH WARD  - MCKEESPORT,2019,6
11TH WARD  - MCKEESPORT,2020,10
11TH WARD  - MCKEESPORT,2021,6
11TH WARD  - MCKEESPORT,2022,16
11TH WARD  - MCKEESPORT,2023,15
11TH WARD  - MCKEESPORT,2024,10
11TH WARD  - MCKEESPORT,2025,4
11TH WARD - PITTSBURGH,2012,82
11TH WARD - PITTSBURGH,2013,40
11TH WARD - PITTSBURGH,2014,34
11TH WARD - PITTSBURGH,2015,19
11TH WARD - PITTSBURGH,2016,21
11TH WARD - PITTSBURGH,2017,29
11TH WARD - PITTSBURGH,2018,41
11TH WARD - PITTSBURGH,2019,23
11TH WARD - PITTSBURGH,2020,57
11TH WARD - PITTSBURGH,2021,43
11TH WARD - PITTSBURGH,2022,56
11TH WARD - PITTSBURGH,2023,73
11TH WARD - PITTSBURGH,2024,64
11TH WARD - PITTSBURGH,2025,27
12TH WARD  - MCKEESPORT,2012,15
12TH WARD  - MCKEESPORT,2013,13
12TH WARD  - MCKEESPORT,2014,2
12TH WARD  - MCKEESPORT,2015,2
12TH WARD  - MCKEESPORT,2016,6
12TH WARD  - MCKEESPORT,2017,6
12TH WARD  - MCKEESPORT,2018,10
12TH WARD  - MCKEESPORT,2019,6
12TH WARD  - MCKEESPORT,2020,6
12TH WARD  - MCKEESPORT,2021,5
12TH WARD  - MCKEESPORT,2022,17
12TH WARD  - MCKEESPORT,2023,14
12TH WARD  - MCKEESPORT,2024,7
12TH WARD  - MCKEESPORT,2025,2
12TH WARD - PITTSBURGH,2012,23
12TH WARD - PITTSBURGH,2013,15
12TH WARD - PITTSBURGH,2014,1
12TH WARD - PITTSBURGH,2015,2
12TH WARD - PITTSBURGH,2016,6
12TH WARD - PITTSBURGH,2017,5
12TH WARD - PITTSBURGH,2018,6
12TH WARD - PITTSBURGH,2019,2
12TH WARD - PITTSBURGH,2020,9
12TH WARD - PITTSBURGH,2021,13
12TH WARD - PITTSBURGH,2022,16
12TH WARD - PITTSBURGH,2023,17
12TH WARD - PITTSBURGH,2024,15
12TH WARD - PITTSBURGH,2025,8
13TH WARD - PITTSBURGH,2012,35
13TH WARD - PITTSBURGH,2013,11
13TH WARD - PITTSBURGH,2014,1
13TH WARD - PITTSBURGH,2015,1
13TH WARD - PITTSBURGH,2016,7
13TH WARD - PITTSBURGH,2017,4
13TH WARD - PITTSBURGH,2018,6
13TH WARD - PITTSBURGH,2019,8
13TH WARD - PITTSBURGH,2020,6
13TH WARD - PITTSBURGH,2021,7
13TH WARD - PITTSBURGH,2022,12
13TH WARD - PITTSBURGH,2023,19
13TH WARD - PITTSBURGH,2024,15
13TH WARD - PITTSBURGH,2025,10
14TH WARD - PITTSBURGH,2012,257
14TH WARD - PITTSBURGH,2013,158
14TH WARD - PITTSBURGH,2014,95
14TH WARD - PITTSBURGH,2015,119
14TH WARD - PITTSBURGH,2016,139
14TH WARD - PITTSBURGH,2017,104
14TH WARD - PITTSBURGH,2018,142
14TH WARD - PITTSBURGH,2019,61
14TH WARD - PITTSBURGH,2020,133
14TH WARD - PITTSBURGH,2021,144
14TH WARD - PITTSBURGH,2022,247
14TH WARD - PITTSBURGH,2023,251
14TH WARD - PITTSBURGH,2024,210
14TH WARD - PITTSBURGH,2025,102
15TH WARD - PITTSBURGH,2012,107
15TH WARD - PITTSBURGH,2013,55
15TH WARD - PITTSBURGH,2014,25
15TH WARD - PITTSBURGH,2015,41
15TH WARD - PITTSBURGH,2016,55
15TH WARD - PITTSBURGH,2017,42
15TH WARD - PITTSBURGH,2018,50
15TH WARD - PITTSBURGH,2019,28
15TH WARD - PITTSBURGH,2020,50
15TH WARD - PITTSBURGH,2021,64
15TH WARD - PITTSBURGH,2022,98
15TH WARD - PITTSBURGH,2023,79
15TH WARD - PITTSBURGH,2024,89
15TH WARD - PITTSBURGH,2025,38
16TH WARD - PITTSBURGH,2012,70
16TH WARD - PITTSBURGH,2013,39
16TH WARD - PITTSBURGH,2014,15
16TH WARD - PITTSBURGH,2015,16
16TH WARD - PITTSBURGH,2016,37
16TH WARD - PITTSBURGH,2017,22
16TH WARD - PITTSBURGH,2018,40
16TH WARD - PITTSBURGH,2019,21
16TH WARD - PITTSBURGH,2020,37
16TH WARD - PITTSBURGH,2021,48
16TH WARD - PITTSBURGH,2022,54
16TH WARD - PITTSBURGH,2023,65
16TH WARD - PITTSBURGH,2024,58
16TH WARD - PITTSBURGH,2025,20
17TH WARD - PITTSBURGH,2012,97
17TH WARD - PITTSBURGH,2013,36
17TH WARD - PITTSBURGH,2014,18
17TH WARD - PITTSBURGH,2015,20
17TH WARD - PITTSBURGH,2016,34
17TH WARD - PITTSBURGH,2017,35
17TH WARD - PITTSBURGH,2018,47
17TH WARD - PITTSBURGH,2019,30
17TH WARD - PITTSBURGH,2020,53
17TH WARD - PITTSBURGH,2021,85
17TH WARD - PITTSBURGH,2022,73
17TH WARD - PITTSBURGH,2023,64
17TH WARD - PITTSBURGH,2024,63
17TH WARD - PITTSBURGH,2025,23
18TH WARD - PITTSBURGH,2012,51
18TH WARD - PITTSBURGH,2013,30
18TH WARD - PITTSBURGH,2014,8
18TH WARD - PITTSBURGH,2015,5
18TH WARD - PITTSBURGH,2016,17
18TH WARD - PITTSBURGH,2017,17
18TH WARD - PITTSBURGH,2018,22
18TH WARD - PITTSBURGH,2019,24
18TH WARD - PITTSBURGH,2020,10
18TH WARD - PITTSBURGH,2021,29
18TH WARD - PITTSBURGH,2022,38
18TH WARD - PITTSBURGH,2023,34
18TH WARD - PITTSBURGH,2024,32
18TH WARD - PITTSBURGH,2025,21
19TH WARD - PITTSBURGH,2012,259
19TH WARD - PITTSBURGH,2013,163
19TH WARD - PITTSBURGH,2014,89
19TH WARD - PITTSBURGH,2015,98
19TH WARD - PITTSBURGH,2016,148
19TH WARD - PITTSBURGH,2017,134
19TH WARD - PITTSBURGH,2018,161
19TH WARD - PITTSBURGH,2019,97
19TH WARD - PITTSBURGH,2020,167
19TH WARD - PITTSBURGH,2021,177
19TH WARD - PITTSBURGH,2022,274
19TH WARD - PITTSBURGH,2023,238
19TH WARD - PITTSBURGH,2024,267
19TH WARD - PITTSBURGH,2025,98
1ST WARD  - DUQUESNE,2012,12
1ST WARD  - DUQUESNE,2013,3
1ST WARD  - DUQUESNE,2014,2
1ST WARD  - DUQUESNE,2015,2
1ST WARD  - DUQUESNE,2017,2
1ST WARD  - DUQUESNE,2019,4
1ST WARD  - DUQUESNE,2020,1
1ST WARD  - DUQUESNE,2021,4
1ST WARD  - DUQUESNE,2022,8
1ST WARD  - DUQUESNE,2023,3
1ST WARD  - DUQUESNE,2024,8
1ST WARD  - DUQUESNE,2025,6
1ST WARD  - PITTSBURGH,2012,13
1ST WARD  - PITTSBURGH,2013,10
1ST WARD  - PITTSBURGH,2014,5
1ST WARD  - PITTSBURGH,2015,1
1ST WARD  - PITTSBURGH,2016,7
1ST WARD  - PITTSBURGH,2017,5
1ST WARD  - PITTSBURGH,2018,8
1ST WARD  - PITTSBURGH,2019,7
1ST WARD  - PITTSBURGH,2020,3
1ST WARD  - PITTSBURGH,2021,8
1ST WARD  - PITTSBURGH,2022,11
1ST WARD  - PITTSBURGH,2023,11
1ST WARD  - PITTSBURGH,2024,11
1ST WARD  - PITTSBURGH,2025,3
1ST WARD - CLAIRTON,2012,9
1ST WARD - CLAIRTON,2013,6
1ST WARD - CLAIRTON,2014,2
1ST WARD - CLAIRTON,2015,4
1ST WARD - CLAIRTON,2016,7
1ST WARD - CLAIRTON,2017,5
1ST WARD - CLAIRTON,2018,4
1ST WARD - CLAIRTON,2019,8
1ST WARD - CLAIRTON,2020,7
1ST WARD - CLAIRTON,2021,17
1ST WARD - CLAIRTON,2022,25
1ST WARD - CLAIRTON,2023,15
1ST WARD - CLAIRTON,2024,9
1ST WARD - CLAIRTON,2025,3
20TH WARD - PITTSBURGH,2012,116
20TH WARD - PITTSBURGH,2013,59
20TH WARD - PITTSBURGH,2014,18
20TH WARD - PITTSBURGH,2015,38
20TH WARD - PITTSBURGH,2016,43
20TH WARD - PITTSBURGH,2017,37
20TH WARD - PITTSBURGH,2018,62
20TH WARD - PITTSBURGH,2019,43
20TH WARD - PITTSBURGH,2020,51
20TH WARD - PITTSBURGH,2021,80
20TH WARD - PITTSBURGH,2022,115
20TH WARD - PITTSBURGH,2023,85
20TH WARD - PITTSBURGH,2024,99
20TH WARD - PITTSBURGH,2025,36
21ST WARD - PITTSBURGH,2012,12
21ST WARD - PITTSBURGH,2013,8
21ST WARD - PITTSBURGH,2014,7
21ST WARD - PITTSBURGH,2015,5
21ST WARD - PITTSBURGH,2016,4
21ST WARD - PITTSBURGH,2017,10
21ST WARD - PITTSBURGH,2018,10
21ST WARD - PITTSBURGH,2019,2
21ST WARD - PITTSBURGH,2020,5
21ST WARD - PITTSBURGH,2021,9
21ST WARD - PITTSBURGH,2022,9
21ST WARD - PITTSBURGH,2023,7
21ST WARD - PITTSBURGH,2024,11
21ST WARD - PITTSBURGH,2025,3
22ND WARD - PITTSBURGH,2012,28
22ND WARD - PITTSBURGH,2013,7
22ND WARD - PITTSBURGH,2014,7
22ND WARD - PITTSBURGH,2015,8
22ND WARD - PITTSBURGH,2016,7
22ND WARD - PITTSBURGH,2017,5
22ND WARD - PITTSBURGH,2018,6
22ND WARD - PITTSBURGH,2019,3
22ND WARD - PITTSBURGH,2020,5
22ND WARD - PITTSBURGH,2021,15
22ND WARD - PITTSBURGH,2022,13
22ND WARD - PITTSBURGH,2023,7
22ND WARD - PITTSBURGH,2024,15
22ND WARD - PITTSBURGH,2025,9
23RD WARD - PITTSBURGH,2012,25
23RD WARD - PITTSBURGH,2013,6
23RD WARD - PITTSBURGH,2014,1
23RD WARD - PITTSBURGH,2015,4
23RD WARD - PITTSBURGH,2016,6
23RD WARD - PITTSBURGH,2017,12
23RD WARD - PITTSBURGH,2018,8
23RD WARD - PITTSBURGH,2019,6
23RD WARD - PITTSBURGH,2020,8
23RD WARD - PITTSBURGH,2021,13
23RD WARD - PITTSBURGH,2022,15
23RD WARD - PITTSBURGH,2023,18
23RD WARD - PITTSBURGH,2024,9
23RD WARD - PITTSBURGH,2025,5
24TH WARD - PITTSBURGH,2012,51
24TH WARD - PITTSBURGH,2013,17
24TH WARD - PITTSBURGH,2014,7
24TH WARD - PITTSBURGH,2015,8
24TH WARD - PITTSBURGH,2016,12
24TH WARD - PITTSBURGH,2017,11
24TH WARD - PITTSBURGH,2018,18
24TH WARD - PITTSBURGH,2019,14
24TH WARD - PITTSBURGH,2020,14
24TH WARD - PITTSBURGH,2021,23
24TH WARD - PITTSBURGH,2022,27
24TH WARD - PITTSBURGH,2023,36
24TH WARD - PITTSBURGH,2024,15
24TH WARD - PITTSBURGH,2025,10
25TH WARD - PITTSBURGH,2012,42
25TH WARD - PITTSBURGH,2013,13
25TH WARD - PITTSBURGH,2014,8
25TH WARD - PITTSBURGH,2015,7
25TH WARD - PITTSBURGH,2016,11
25TH WARD - PITTSBURGH,2017,16
25TH WARD - PITTSBURGH,2018,19
25TH WARD - PITTSBURGH,2019,9
25TH WARD - PITTSBURGH,2020,10
25TH WARD - PITTSBURGH,2021,18
25TH WARD - PITTSBURGH,2022,28
25TH WARD - PITTSBURGH,2023,25
25TH WARD - PITTSBURGH,2024,15
25TH WARD - PITTSBURGH,2025,16
26TH WARD - PITTSBURGH,2012,73
26TH WARD - PITTSBURGH,2013,46
26TH WARD - PITTSBURGH,2014,25
26TH WARD - PITTSBURGH,2015,27
26TH WARD - PITTSBURGH,2016,33
26TH WARD - PITTSBURGH,2017,45
26TH WARD - PITTSBURGH,2018,38
26TH WARD - PITTSBURGH,2019,21
26TH WARD - PITTSBURGH,2020,34
26TH WARD - PITTSBURGH,2021,47
26TH WARD - PITTSBURGH,2022,54
26TH WARD - PITTSBURGH,2023,58
26TH WARD - PITTSBURGH,2024,57
26TH WARD - PITTSBURGH,2025,30
27TH WARD - PITTSBURGH,2012,111
27TH WARD - PITTSBURGH,2013,56
27TH WARD - PITTSBURGH,2014,18
27TH WARD - PITTSBURGH,2015,37
27TH WARD - PITTSBURGH,2016,44
27TH WARD - PITTSBURGH,2017,47
27TH WARD - PITTSBURGH,2018,49
27TH WARD - PITTSBURGH,2019,43
27TH WARD - PITTSBURGH,2020,47
27TH WARD - PITTSBURGH,2021,56
27TH WARD - PITTSBURGH,2022,92
27TH WARD - PITTSBURGH,2023,90
27TH WARD - PITTSBURGH,2024,69
27TH WARD - PITTSBURGH,2025,34
28TH WARD - PITTSBURGH,2012,70
28TH WARD - PITTSBURGH,2013,38
28TH WARD - PITTSBURGH,2014,14
28TH WARD - PITTSBURGH,2015,28
28TH WARD - PITTSBURGH,2016,34
28TH WARD - PITTSBURGH,2017,39
28TH WARD - PITTSBURGH,2018,50
28TH WARD - PITTSBURGH,2019,26
28TH WARD - PITTSBURGH,2020,52
28TH WARD - PITTSBURGH,2021,54
28TH WARD - PITTSBURGH,2022,80
28TH WARD - PITTSBURGH,2023,84
28TH WARD - PITTSBURGH,2024,69
28TH WARD - PITTSBURGH,2025,24
29TH WARD - PITTSBURGH,2012,98
29TH WARD - PITTSBURGH,2013,54
29TH WARD - PITTSBURGH,2014,16
29TH WARD - PITTSBURGH,2015,26
29TH WARD - PITTSBURGH,2016,28
29TH WARD - PITTSBURGH,2017,36
29TH WARD - PITTSBURGH,2018,33
29TH WARD - PITTSBURGH,2019,28
29TH WARD - PITTSBURGH,2020,51
29TH WARD - PITTSBURGH,2021,59
29TH WARD - PITTSBURGH,2022,88
29TH WARD - PITTSBURGH,2023,96
29TH WARD - PITTSBURGH,2024,67
29TH WARD - PITTSBURGH,2025,25
2ND WARD  - DUQUESNE,2012,19
2ND WARD  - DUQUESNE,2013,5
2ND WARD  - DUQUESNE,2017,2
2ND WARD  - DUQUESNE,2018,6
2ND WARD  - DUQUESNE,2019,4
2ND WARD  - DUQUESNE,2020,6
2ND WARD  - DUQUESNE,2021,5
2ND WARD  - DUQUESNE,2022,6
2ND WARD  - DUQUESNE,2023,8
2ND WARD  - DUQUESNE,2024,4
2ND WARD  - DUQUESNE,2025,3
2ND WARD - CLAIRTON,2012,45
2ND WARD - CLAIRTON,2013,19
2ND WARD - CLAIRTON,2014,7
2ND WARD - CLAIRTON,2015,2
2ND WARD - CLAIRTON,2016,17
2ND WARD - CLAIRTON,2017,14
2ND WARD - CLAIRTON,2018,24
2ND WARD - CLAIRTON,2019,18
2ND WARD - CLAIRTON,2020,28
2ND WARD - CLAIRTON,2021,25
2ND WARD - CLAIRTON,2022,34
2ND WARD - CLAIRTON,2023,33
2ND WARD - CLAIRTON,2024,28
2ND WARD - CLAIRTON,2025,15
2ND WARD - MCKEESPORT,2022,1
2ND WARD - PITTSBURGH,2012,33
2ND WARD - PITTSBURGH,2013,13
2ND WARD - PITTSBURGH,2014,11
2ND WARD - PITTSBURGH,2015,8
2ND WARD - PITTSBURGH,2016,10
2ND WARD - PITTSBURGH,2017,12
2ND WARD - PITTSBURGH,2018,12
2ND WARD - PITTSBURGH,2019,8
2ND WARD - PITTSBURGH,2020,21
2ND WARD - PITTSBURGH,2021,33
2ND WARD - PITTSBURGH,2022,45
2ND WARD - PITTSBURGH,2023,39
2ND WARD - PITTSBURGH,2024,46
2ND WARD - PITTSBURGH,2025,14
30TH WARD - PITTSBURGH,2012,43
30TH WARD - PITTSBURGH,2013,10
30TH WARD - PITTSBURGH,2014,1
30TH WARD - PITTSBURGH,2015,7
30TH WARD - PITTSBURGH,2016,3
30TH WARD - PITTSBURGH,2017,11
30TH WARD - PITTSBURGH,2018,11
30TH WARD - PITTSBURGH,2019,6
30TH WARD - PITTSBURGH,2020,8
30TH WARD - PITTSBURGH,2021,23
30TH WARD - PITTSBURGH,2022,28
30TH WARD - PITTSBURGH,2023,23
30TH WARD - PITTSBURGH,2024,15
30TH WARD - PITTSBURGH,2025,6
31ST WARD - PITTSBURGH,2012,34
31ST WARD - PITTSBURGH,2013,24
31ST WARD - PITTSBURGH,2014,4
31ST WARD - PITTSBURGH,2015,15
31ST WARD - PITTSBURGH,2016,13
31ST WARD - PITTSBURGH,2017,11
31ST WARD - PITTSBURGH,2018,21
31ST WARD - PITTSBURGH,2019,15
31ST WARD - PITTSBURGH,2020,37
31ST WARD - PITTSBURGH,2021,28
31ST WARD - PITTSBURGH,2022,45
31ST WARD - PITTSBURGH,2023,41
31ST WARD - PITTSBURGH,2024,37
31ST WARD - PITTSBURGH,2025,15
32ND WARD - PITTSBURGH,2012,46
32ND WARD - PITTSBURGH,2013,36
32ND WARD - PITTSBURGH,2014,20
32ND WARD - PITTSBURGH,2015,29
32ND WARD - PITTSBURGH,2016,39
32ND WARD - PITTSBURGH,2017,37
32ND WARD - PITTSBURGH,2018,39
32ND WARD - PITTSBURGH,2019,18
32ND WARD - PITTSBURGH,2020,31
32ND WARD - PITTSBURGH,2021,33
32ND WARD - PITTSBURGH,2022,63
32ND WARD - PITTSBURGH,2023,61
32ND WARD - PITTSBURGH,2024,46
32ND WARD - PITTSBURGH,2025,27
3RD WARD  - DUQUESNE,2012,12
3RD WARD  - DUQUESNE,2013,3
3RD WARD  - DUQUESNE,2014,4
3RD WARD  - DUQUESNE,2016,2
3RD WARD  - DUQUESNE,2017,2
3RD WARD  - DUQUESNE,2018,5
3RD WARD  - DUQUESNE,2019,1
3RD WARD  - DUQUESNE,2020,9
3RD WARD  - DUQUESNE,2021,6
3RD WARD  - DUQUESNE,2022,10
3RD WARD  - DUQUESNE,2023,4
3RD WARD  - DUQUESNE,2024,7
3RD WARD  - DUQUESNE,2025,5
3RD WARD - MCKEESPORT,2021,1
3RD WARD - PITTSBURGH,2012,13
3RD WARD - PITTSBURGH,2013,15
3RD WARD - PITTSBURGH,2014,6
3RD WARD - PITTSBURGH,2015,3
3RD WARD - PITTSBURGH,2016,8
3RD WARD - PITTSBURGH,2017,12
3RD WARD - PITTSBURGH,2018,5
3RD WARD - PITTSBURGH,2019,4
3RD WARD - PITTSBURGH,2020,5
3RD WARD - PITTSBURGH,2021,16
3RD WARD - PITTSBURGH,2022,18
3RD WARD - PITTSBURGH,2023,16
3RD WARD - PITTSBURGH,2024,16
3RD WARD - PITTSBURGH,2025,7
4TH WARD - PITTSBURGH,2012,71
4TH WARD - PITTSBURGH,2013,65
4TH WARD - PITTSBURGH,2014,18
4TH WARD - PITTSBURGH,2015,22
4TH WARD - PITTSBURGH,2016,30
4TH WARD - PITTSBURGH,2017,29
4TH WARD - PITTSBURGH,2018,46
4TH WARD - PITTSBURGH,2019,19
4TH WARD - PITTSBURGH,2020,36
4TH WARD - PITTSBURGH,2021,47
4TH WARD - PITTSBURGH,2022,78
4TH WARD - PITTSBURGH,2023,80
4TH WARD - PITTSBURGH,2024,74
4TH WARD - PITTSBURGH,2025,23
5TH WARD  - MCKEESPORT,2013,1
5TH WARD  - MCKEESPORT,2021,2
5TH WARD  - MCKEESPORT,2022,2
5TH WARD  - MCKEESPORT,2023,1
5TH WARD  - MCKEESPORT,2024,1
5TH WARD - PITTSBURGH,2012,17
5TH WARD - PITTSBURGH,2013,13
5TH WARD - PITTSBURGH,2014,3
5TH WARD - PITTSBURGH,2015,6
5TH WARD - PITTSBURGH,2016,4
5TH WARD - PITTSBURGH,2017,9
5TH WARD - PITTSBURGH,2018,12
5TH WARD - PITTSBURGH,2019,9
5TH WARD - PITTSBURGH,2020,7
5TH WARD - PITTSBURGH,2021,13
5TH WARD - PITTSBURGH,2022,12
5TH WARD - PITTSBURGH,2023,8
5TH WARD - PITTSBURGH,2024,10
5TH WARD - PITTSBURGH,2025,4
6TH WARD  - MCKEESPORT,2012,3
6TH WARD  - MCKEESPORT,2013,1
6TH WARD  - MCKEESPORT,2014,2
6TH WARD  - MCKEESPORT,2015,1
6TH WARD  - MCKEESPORT,2017,1
6TH WARD  - MCKEESPORT,2019,2
6TH WARD  - MCKEESPORT,2020,3
6TH WARD  - MCKEESPORT,2021,1
6TH WARD  - MCKEESPORT,2022,2
6TH WARD  - MCKEESPORT,2023,5
6TH WARD  - MCKEESPORT,2024,2
6TH WARD  - MCKEESPORT,2025,1
6TH WARD - PITTSBURGH,2012,43
6TH WARD - PITTSBURGH,2013,32
6TH WARD - PITTSBURGH,2014,8
6TH WARD - PITTSBURGH,2015,12
6TH WARD - PITTSBURGH,2016,14
6TH WARD - PITTSBURGH,2017,23
6TH WARD - PITTSBURGH,2018,21
6TH WARD - PITTSBURGH,2019,24
6TH WARD - PITTSBURGH,2020,22
6TH WARD - PITTSBURGH,2021,39
6TH WARD - PITTSBURGH,2022,29
6TH WARD - PITTSBURGH,2023,28
6TH WARD - PITTSBURGH,2024,31
6TH WARD - PITTSBURGH,2025,15
7TH WARD  - MCKEESPORT,2012,35
7TH WARD  - MCKEESPORT,2013,11
7TH WARD  - MCKEESPORT,2014,3
7TH WARD  - MCKEESPORT,2015,6
7TH WARD  - MCKEESPORT,2016,6
7TH WARD  - MCKEESPORT,2017,13
7TH WARD  - MCKEESPORT,2018,10
7TH WARD  - MCKEESPORT,2019,11
7TH WARD  - MCKEESPORT,2020,12
7TH WARD  - MCKEESPORT,2021,10
7TH WARD  - MCKEESPORT,2022,17
7TH WARD  - MCKEESPORT,2023,16
7TH WARD  - MCKEESPORT,2024,21
7TH WARD  - MCKEESPORT,2025,9
7TH WARD - PITTSBURGH,2012,125
7TH WARD - PITTSBURGH,2013,101
7TH WARD - PITTSBURGH,2014,40
7TH WARD - PITTSBURGH,2015,48
7TH WARD - PITTSBURGH,2016,51
7TH WARD - PITTSBURGH,2017,58
7TH WARD - PITTSBURGH,2018,61
7TH WARD - PITTSBURGH,2019,34
7TH WARD - PITTSBURGH,2020,55
7TH WARD - PITTSBURGH,2021,92
7TH WARD - PITTSBURGH,2022,129
7TH WARD - PITTSBURGH,2023,110
7TH WARD - PITTSBURGH,2024,121
7TH WARD - PITTSBURGH,2025,38
8TH WARD  - MCKEESPORT,2012,32
8TH WARD  - MCKEESPORT,2013,14
8TH WARD  - MCKEESPORT,2014,1
8TH WARD  - MCKEESPORT,2015,8
8TH WARD  - MCKEESPORT,2016,7
8TH WARD  - MCKEESPORT,2017,12
8TH WARD  - MCKEESPORT,2018,14
8TH WARD  - MCKEESPORT,2019,12
8TH WARD  - MCKEESPORT,2020,15
8TH WARD  - MCKEESPORT,2021,14
8TH WARD  - MCKEESPORT,2022,23
8TH WARD  - MCKEESPORT,2023,24
8TH WARD  - MCKEESPORT,2024,13
8TH WARD  - MCKEESPORT,2025,14
8TH WARD - PITTSBURGH,2012,54
8TH WARD - PITTSBURGH,2013,32
8TH WARD - PITTSBURGH,2014,13
8TH WARD - PITTSBURGH,2015,24
8TH WARD - PITTSBURGH,2016,30
8TH WARD - PITTSBURGH,2017,16
8TH WARD - PITTSBURGH,2018,30
8TH WARD - PITTSBURGH,2019,14
8TH WARD - PITTSBURGH,2020,16
8TH WARD - PITTSBURGH,2021,22
8TH WARD - PITTSBURGH,2022,36
8TH WARD - PITTSBURGH,2023,37
8TH WARD - PITTSBURGH,2024,36
8TH WARD - PITTSBURGH,2025,15
9TH WARD  -  MCKEESPORT,2012,23
9TH WARD  -  MCKEESPORT,2013,8
9TH WARD  -  MCKEESPORT,2014,2
9TH WARD  -  MCKEESPORT,2015,4
9TH WARD  -  MCKEESPORT,2016,5
9TH WARD  -  MCKEESPORT,2017,5
9TH WARD  -  MCKEESPORT,2018,10
9TH WARD  -  MCKEESPORT,2019,7
9TH WARD  -  MCKEESPORT,2020,12
9TH WARD  -  MCKEESPORT,2021,18
9TH WARD  -  MCKEESPORT,2022,22
9TH WARD  -  MCKEESPORT,2023,18
9TH WARD  -  MCKEESPORT,2024,24
9TH WARD  -  MCKEESPORT,2025,8
9TH WARD - PITTSBURGH,2012,79
9TH WARD - PITTSBURGH,2013,37
9TH WARD - PITTSBURGH,2014,10
9TH WARD - PITTSBURGH,2015,15
9TH WARD - PITTSBURGH,2016,23
9TH WARD - PITTSBURGH,2017,18
9TH WARD - PITTSBURGH,2018,35
9TH WARD - PITTSBURGH,2019,32
9TH WARD - PITTSBURGH,2020,53
9TH WARD - PITTSBURGH,2021,34
9TH WARD - PITTSBURGH,2022,65
9TH WARD - PITTSBURGH,2023,64
9TH WARD - PITTSBURGH,2024,60
9TH WARD - PITTSBURGH,2025,26
ALEPPO,2012,19
ALEPPO,2013,26
ALEPPO,2014,5
ALEPPO,2015,4
ALEPPO,2016,9
ALEPPO,2017,16
ALEPPO,2018,12
ALEPPO,2019,7
ALEPPO,2020,20
ALEPPO,2021,13
ALEPPO,2022,16
ALEPPO,2023,10
ALEPPO,2024,13
ALEPPO,2025,7
ASPINWALL,2012,23
ASPINWALL,2013,26
ASPINWALL,2014,9
ASPINWALL,2015,14
ASPINWALL,2016,21
ASPINWALL,2017,20
ASPINWALL,2018,26
ASPINWALL,2019,10
ASPINWALL,2020,20
ASPINWALL,2021,14
ASPINWALL,2022,29
ASPINWALL,2023,20
ASPINWALL,2024,19
ASPINWALL,2025,9
AVALON,2012,34
AVALON,2013,24
AVALON,2014,6
AVALON,2015,11
AVALON,2016,32
AVALON,2017,29
AVALON,2018,41
AVALON,2019,24
AVALON,2020,36
AVALON,2021,27
AVALON,2022,49
AVALON,2023,44
AVALON,2024,41
AVALON,2025,17
BALDWIN BORO,2012,164
BALDWIN BORO,2013,153
BALDWIN BORO,2014,41
BALDWIN BORO,2015,61
BALDWIN BORO,2016,103
BALDWIN BORO,2017,90
BALDWIN BORO,2018,82
BALDWIN BORO,2019,75
BALDWIN BORO,2020,149
BALDWIN BORO,2021,152
BALDWIN BORO,2022,179
BALDWIN BORO,2023,168
BALDWIN BORO,2024,191
BALDWIN BORO,2025,70
BALDWIN TWP,2012,16
BALDWIN TWP,2013,13
BALDWIN TWP,2014,11
BALDWIN TWP,2015,12
BALDWIN TWP,2016,22
BALDWIN TWP,2017,10
BALDWIN TWP,2018,22
BALDWIN TWP,2019,11
BALDWIN TWP,2020,13
BALDWIN TWP,2021,18
BALDWIN TWP,2022,21
BALDWIN TWP,2023,18
BALDWIN TWP,2024,17
BALDWIN TWP,2025,10
BELL ACRES,2012,14
BELL ACRES,2013,12
BELL ACRES,2014,3
BELL ACRES,2015,7
BELL ACRES,2016,10
BELL ACRES,2017,9
BELL ACRES,2018,13
BELL ACRES,2019,10
BELL ACRES,2020,22
BELL ACRES,2021,8
BELL ACRES,2022,13
BELL ACRES,2023,11
BELL ACRES,2024,15
BELL ACRES,2025,4
BELLEVUE,2012,58
BELLEVUE,2013,34
BELLEVUE,2014,14
BELLEVUE,2015,27
BELLEVUE,2016,37
BELLEVUE,2017,32
BELLEVUE,2018,43
BELLEVUE,2019,26
BELLEVUE,2020,21
BELLEVUE,2021,33
BELLEVUE,2022,45
BELLEVUE,2023,67
BELLEVUE,2024,37
BELLEVUE,2025,11
BEN AVON,2012,20
BEN AVON,2013,22
BEN AVON,2014,6
BEN AVON,2015,9
BEN AVON,2016,8
BEN AVON,2017,7
BEN AVON,2018,16
BEN AVON,2019,13
BEN AVON,2020,25
BEN AVON,2021,15
BEN AVON,2022,9
BEN AVON,2023,20
BEN AVON,2024,16
BEN AVON,2025,4
BEN AVON HEIGHTS,2012,5
BEN AVON HEIGHTS,2013,6
BEN AVON HEIGHTS,2015,3
BEN AVON HEIGHTS,2016,3
BEN AVON HEIGHTS,2017,2
BEN AVON HEIGHTS,2018,2
BEN AVON HEIGHTS,2019,1
BEN AVON HEIGHTS,2020,4
BEN AVON HEIGHTS,2021,1
BEN AVON HEIGHTS,2022,1
BEN AVON HEIGHTS,2023,2
BEN AVON HEIGHTS,2024,1
BEN AVON HEIGHTS,2025,1
BETHEL PARK,2012,291
BETHEL PARK,2013,270
BETHEL PARK,2014,109
BETHEL PARK,2015,138
BETHEL PARK,2016,165
BETHEL PARK,2017,184
BETHEL PARK,2018,252
BETHEL PARK,2019,145
BETHEL PARK,2020,265
BETHEL PARK,2021,266
BETHEL PARK,2022,338
BETHEL PARK,2023,304
BETHEL PARK,2024,262
BETHEL PARK,2025,99
BLAWNOX,2012,12
BLAWNOX,2013,10
BLAWNOX,2014,7
BLAWNOX,2015,5
BLAWNOX,2016,9
BLAWNOX,2017,1
BLAWNOX,2018,9
BLAWNOX,2019,5
BLAWNOX,2020,9
BLAWNOX,2021,8
BLAWNOX,2022,9
BLAWNOX,2023,9
BLAWNOX,2024,12
BLAWNOX,2025,3
BRACKENRIDGE,2012,16
BRACKENRIDGE,2013,16
BRACKENRIDGE,2014,5
BRACKENRIDGE,2015,6
BRACKENRIDGE,2016,15
BRACKENRIDGE,2017,3
BRACKENRIDGE,2018,21
BRACKENRIDGE,2019,8
BRACKENRIDGE,2020,18
BRACKENRIDGE,2021,25
BRACKENRIDGE,2022,25
BRACKENRIDGE,2023,19
BRACKENRIDGE,2024,25
BRACKENRIDGE,2025,7
BRADDOCK,2012,6
BRADDOCK,2013,1
BRADDOCK,2017,1
BRADDOCK,2020,4
BRADDOCK,2021,4
BRADDOCK,2022,2
BRADDOCK,2023,3
BRADDOCK,2024,2
BRADDOCK,2025,1
BRADDOCK HILLS,2012,7
BRADDOCK HILLS,2013,11
BRADDOCK HILLS,2014,2
BRADDOCK HILLS,2015,5
BRADDOCK HILLS,2016,11
BRADDOCK HILLS,2017,12
BRADDOCK HILLS,2018,8
BRADDOCK HILLS,2019,6
BRADDOCK HILLS,2020,9
BRADDOCK HILLS,2021,11
BRADDOCK HILLS,2022,11
BRADDOCK HILLS,2023,9
BRADDOCK HILLS,2024,9
BRADDOCK HILLS,2025,3
BRADFORD WOODS,2012,17
BRADFORD WOODS,2013,17
BRADFORD WOODS,2014,2
BRADFORD WOODS,2015,4
BRADFORD WOODS,2016,10
BRADFORD WOODS,2017,6
BRADFORD WOODS,2018,12
BRADFORD WOODS,2019,6
BRADFORD WOODS,2020,13
BRADFORD WOODS,2021,15
BRADFORD WOODS,2022,24
BRADFORD WOODS,2023,11
BRADFORD WOODS,2024,5
BRADFORD WOODS,2025,3
BRENTWOOD,2012,73
BRENTWOOD,2013,70
BRENTWOOD,2014,26
BRENTWOOD,2015,29
BRENTWOOD,2016,62
BRENTWOOD,2017,64
BRENTWOOD,2018,70
BRENTWOOD,2019,36
BRENTWOOD,2020,84
BRENTWOOD,2021,91
BRENTWOOD,2022,105
BRENTWOOD,2023,91
BRENTWOOD,2024,100
BRENTWOOD,2025,37
BRIDGEVILLE,2012,41
BRIDGEVILLE,2013,40
BRIDGEVILLE,2014,14
BRIDGEVILLE,2015,16
BRIDGEVILLE,2016,31
BRIDGEVILLE,2017,16
BRIDGEVILLE,2018,32
BRIDGEVILLE,2019,25
BRIDGEVILLE,2020,36
BRIDGEVILLE,2021,39
BRIDGEVILLE,2022,49
BRIDGEVILLE,2023,45
BRIDGEVILLE,2024,41
BRIDGEVILLE,2025,15
CARNEGIE,2012,75
CARNEGIE,2013,58
CARNEGIE,2014,22
CARNEGIE,2015,26
CARNEGIE,2016,42
CARNEGIE,2017,41
CARNEGIE,2018,51
CARNEGIE,2019,39
CARNEGIE,2020,47
CARNEGIE,2021,64
CARNEGIE,2022,81
CARNEGIE,2023,61
CARNEGIE,2024,65
CARNEGIE,2025,22
CASTLE SHANNON,2012,53
CASTLE SHANNON,2013,58
CASTLE SHANNON,2014,20
CASTLE SHANNON,2015,32
CASTLE SHANNON,2016,41
CASTLE SHANNON,2017,47
CASTLE SHANNON,2018,35
CASTLE SHANNON,2019,23
CASTLE SHANNON,2020,71
CASTLE SHANNON,2021,59
CASTLE SHANNON,2022,94
CASTLE SHANNON,2023,70
CASTLE SHANNON,2024,55
CASTLE SHANNON,2025,30
CHALFANT,2012,7
CHALFANT,2013,2
CHALFANT,2014,3
CHALFANT,2015,2
CHALFANT,2016,2
CHALFANT,2017,5
CHALFANT,2018,7
CHALFANT,2019,1
CHALFANT,2020,6
CHALFANT,2021,8
CHALFANT,2022,7
CHALFANT,2023,10
CHALFANT,2024,3
CHALFANT,2025,2
CHESWICK,2012,14
CHESWICK,2013,13
CHESWICK,2014,9
CHESWICK,2015,3
CHESWICK,2016,9
CHESWICK,2017,6
CHESWICK,2018,5
CHESWICK,2019,10
CHESWICK,2020,15
CHESWICK,2021,18
CHESWICK,2022,29
CHESWICK,2023,22
CHESWICK,2024,14
CHESWICK,2025,3
CHURCHILL,2012,38
CHURCHILL,2013,36
CHURCHILL,2014,12
CHURCHILL,2015,13
CHURCHILL,2016,28
CHURCHILL,2017,33
CHURCHILL,2018,28
CHURCHILL,2019,17
CHURCHILL,2020,46
CHURCHILL,2021,35
CHURCHILL,2022,50
CHURCHILL,2023,51
CHURCHILL,2024,31
CHURCHILL,2025,23
COLLIER,2012,100
COLLIER,2013,66
COLLIER,2014,29
COLLIER,2015,37
COLLIER,2016,41
COLLIER,2017,45
COLLIER,2018,60
COLLIER,2019,49
COLLIER,2020,69
COLLIER,2021,89
COLLIER,2022,77
COLLIER,2023,70
COLLIER,2024,64
COLLIER,2025,23
CORAOPOLIS,2012,52
CORAOPOLIS,2013,30
CORAOPOLIS,2014,18
CORAOPOLIS,2015,16
CORAOPOLIS,2016,25
CORAOPOLIS,2017,22
CORAOPOLIS,2018,32
CORAOPOLIS,2019,15
CORAOPOLIS,2020,30
CORAOPOLIS,2021,37
CORAOPOLIS,2022,59
CORAOPOLIS,2023,36
CORAOPOLIS,2024,46
CORAOPOLIS,2025,16
CRAFTON,2012,54
CRAFTON,2013,35
CRAFTON,2014,14
CRAFTON,2015,7
CRAFTON,2016,23
CRAFTON,2017,24
CRAFTON,2018,28
CRAFTON,2019,13
CRAFTON,2020,43
CRAFTON,2021,40
CRAFTON,2022,41
CRAFTON,2023,47
CRAFTON,2024,37
CRAFTON,2025,14
CRESCENT,2012,17
CRESCENT,2013,23
CRESCENT,2014,11
CRESCENT,2015,12
CRESCENT,2016,15
CRESCENT,2017,14
CRESCENT,2018,18
CRESCENT,2019,6
CRESCENT,2020,14
CRESCENT,2021,25
CRESCENT,2022,24
CRESCENT,2023,23
CRESCENT,2024,26
CRESCENT,2025,8
DORMONT,2012,56
DORMONT,2013,64
DORMONT,2014,20
DORMONT,2015,37
DORMONT,2016,47
DORMONT,2017,57
DORMONT,2018,37
DORMONT,2019,29
DORMONT,2020,78
DORMONT,2021,54
DORMONT,2022,91
DORMONT,2023,89
DORMONT,2024,64
DORMONT,2025,30
DRAVOSBURG,2012,16
DRAVOSBURG,2013,10
DRAVOSBURG,2014,1
DRAVOSBURG,2015,1
DRAVOSBURG,2016,4
DRAVOSBURG,2017,4
DRAVOSBURG,2018,4
DRAVOSBURG,2019,5
DRAVOSBURG,2020,10
DRAVOSBURG,2021,17
DRAVOSBURG,2022,10
DRAVOSBURG,2023,14
DRAVOSBURG,2024,6
DRAVOSBURG,2025,2
EAST DEER,2012,13
EAST DEER,2013,4
EAST DEER,2014,1
EAST DEER,2015,6
EAST DEER,2016,6
EAST DEER,2017,8
EAST DEER,2018,10
EAST DEER,2019,5
EAST DEER,2020,9
EAST DEER,2021,13
EAST DEER,2022,9
EAST DEER,2023,10
EAST DEER,2024,17
EAST DEER,2025,6
EAST MCKEESPORT,2012,13
EAST MCKEESPORT,2013,8
EAST MCKEESPORT,2014,3
EAST MCKEESPORT,2015,2
EAST MCKEESPORT,2016,9
EAST MCKEESPORT,2017,8
EAST MCKEESPORT,2018,10
EAST MCKEESPORT,2019,5
EAST MCKEESPORT,2020,17
EAST MCKEESPORT,2021,16
EAST MCKEESPORT,2022,13
EAST MCKEESPORT,2023,13
EAST MCKEESPORT,2024,13
EAST MCKEESPORT,2025,2
EAST PITTSBURGH,2012,13
EAST PITTSBURGH,2013,7
EAST PITTSBURGH,2015,3
EAST PITTSBURGH,2016,6
EAST PITTSBURGH,2017,5
EAST PITTSBURGH,2018,4
EAST PITTSBURGH,2019,3
EAST PITTSBURGH,2020,12
EAST PITTSBURGH,2021,5
EAST PITTSBURGH,2022,8
EAST PITTSBURGH,2023,12
EAST PITTSBURGH,2024,5
EAST PITTSBURGH,2025,4
EDGEWOOD,2012,42
EDGEWOOD,2013,35
EDGEWOOD,2014,14
EDGEWOOD,2015,14
EDGEWOOD,2016,24
EDGEWOOD,2017,24
EDGEWOOD,2018,20
EDGEWOOD,2019,17
EDGEWOOD,2020,38
EDGEWOOD,2021,20
EDGEWOOD,2022,30
EDGEWOOD,2023,54
EDGEWOOD,2024,44
EDGEWOOD,2025,13
EDGEWORTH,2012,23
EDGEWORTH,2013,19
EDGEWORTH,2014,12
EDGEWORTH,2015,5
EDGEWORTH,2016,14
EDGEWORTH,2017,19
EDGEWORTH,2018,21
EDGEWORTH,2019,5
EDGEWORTH,2020,21
EDGEWORTH,2021,14
EDGEWORTH,2022,21
EDGEWORTH,2023,18
EDGEWORTH,2024,18
EDGEWORTH,2025,7
ELIZABETH BORO,2012,7
ELIZABETH BORO,2013,1
ELIZABETH BORO,2014,3
ELIZABETH BORO,2015,3
ELIZABETH BORO,2016,4
ELIZABETH BORO,2017,2
ELIZABETH BORO,2018,6
ELIZABETH BORO,2019,1
ELIZABETH BORO,2020,6
ELIZABETH BORO,2021,10
ELIZABETH BORO,2022,7
ELIZABETH BORO,2023,9
ELIZABETH BORO,2024,3
ELIZABETH BORO,2025,5
ELIZABETH TWP,2012,102
ELIZABETH TWP,2013,79
ELIZABETH TWP,2014,34
ELIZABETH TWP,2015,34
ELIZABETH TWP,2016,57
ELIZABETH TWP,2017,52
ELIZABETH TWP,2018,80
ELIZABETH TWP,2019,39
ELIZABETH TWP,2020,65
ELIZABETH TWP,2021,65
ELIZABETH TWP,2022,101
ELIZABETH TWP,2023,76
ELIZABETH TWP,2024,84
ELIZABETH TWP,2025,41
EMSWORTH,2012,14
EMSWORTH,2013,21
EMSWORTH,2014,12
EMSWORTH,2015,7
EMSWORTH,2016,18
EMSWORTH,2017,14
EMSWORTH,2018,18
EMSWORTH,2019,5
EMSWORTH,2020,11
EMSWORTH,2021,19
EMSWORTH,2022,20
EMSWORTH,2023,21
EMSWORTH,2024,22
EMSWORTH,2025,4
ETNA,2012,32
ETNA,2013,11
ETNA,2014,3
ETNA,2015,7
ETNA,2016,17
ETNA,2017,18
ETNA,2018,15
ETNA,2019,3
ETNA,2020,8
ETNA,2021,18
ETNA,2022,19
ETNA,2023,17
ETNA,2024,24
ETNA,2025,16
FAWN,2012,4
FAWN,2013,12
FAWN,2014,5
FAWN,2015,3
FAWN,2016,3
FAWN,2017,6
FAWN,2018,6
FAWN,2019,2
FAWN,2020,11
FAWN,2021,8
FAWN,2022,15
FAWN,2023,12
FAWN,2024,6
FAWN,2025,4
FINDLAY,2012,55
FINDLAY,2013,42
FINDLAY,2014,18
FINDLAY,2015,27
FINDLAY,2016,29
FINDLAY,2017,27
FINDLAY,2018,40
FINDLAY,2019,37
FINDLAY,2020,63
FINDLAY,2021,61
FINDLAY,2022,53
FINDLAY,2023,55
FINDLAY,2024,60
FINDLAY,2025,18
FOREST HILLS,2012,79
FOREST HILLS,2013,48
FOREST HILLS,2014,21
FOREST HILLS,2015,22
FOREST HILLS,2016,45
FOREST HILLS,2017,51
FOREST HILLS,2018,48
FOREST HILLS,2019,40
FOREST HILLS,2020,78
FOREST HILLS,2021,69
FOREST HILLS,2022,97
FOREST HILLS,2023,73
FOREST HILLS,2024,87
FOREST HILLS,2025,24
FORWARD,2012,8
FORWARD,2013,12
FORWARD,2014,4
FORWARD,2015,4
FORWARD,2016,7
FORWARD,2017,5
FORWARD,2018,14
FORWARD,2019,9
FORWARD,2020,9
FORWARD,2021,10
FORWARD,2022,16
FORWARD,2023,6
FORWARD,2024,22
FOX CHAPEL,2012,58
FOX CHAPEL,2013,53
FOX CHAPEL,2014,17
FOX CHAPEL,2015,20
FOX CHAPEL,2016,30
FOX CHAPEL,2017,32
FOX CHAPEL,2018,40
FOX CHAPEL,2019,22
FOX CHAPEL,2020,55
FOX CHAPEL,2021,54
FOX CHAPEL,2022,45
FOX CHAPEL,2023,38
FOX CHAPEL,2024,49
FOX CHAPEL,2025,11
FRANKLIN PARK,2012,191
FRANKLIN PARK,2013,111
FRANKLIN PARK,2014,66
FRANKLIN PARK,2015,59
FRANKLIN PARK,2016,89
FRANKLIN PARK,2017,112
FRANKLIN PARK,2018,125
FRANKLIN PARK,2019,72
FRANKLIN PARK,2020,141
FRANKLIN PARK,2021,123
FRANKLIN PARK,2022,136
FRANKLIN PARK,2023,138
FRANKLIN PARK,2024,113
FRANKLIN PARK,2025,57
FRAZER,2012,3
FRAZER,2013,7
FRAZER,2014,1
FRAZER,2015,1
FRAZER,2016,2
FRAZER,2017,5
FRAZER,2018,3
FRAZER,2019,2
FRAZER,2020,3
FRAZER,2021,4
FRAZER,2022,2
FRAZER,2023,4
FRAZER,2024,3
FRAZER,2025,1
GLASSPORT,2012,39
GLASSPORT,2013,17
GLASSPORT,2014,12
GLASSPORT,2015,7
GLASSPORT,2016,10
GLASSPORT,2017,15
GLASSPORT,2018,14
GLASSPORT,2019,18
GLASSPORT,2020,17
GLASSPORT,2021,38
GLASSPORT,2022,34
GLASSPORT,2023,29
GLASSPORT,2024,39
GLASSPORT,2025,11
GLEN OSBORNE,2012,9
GLEN OSBORNE,2013,7
GLEN OSBORNE,2014,5
GLEN OSBORNE,2015,3
GLEN OSBORNE,2016,8
GLEN OSBORNE,2017,10
GLEN OSBORNE,2018,5
GLEN OSBORNE,2019,4
GLEN OSBORNE,2020,2
GLEN OSBORNE,2021,2
GLEN OSBORNE,2022,3
GLEN OSBORNE,2023,6
GLEN OSBORNE,2024,6
GLENFIELD,2012,2
GLENFIELD,2020,1
GLENFIELD,2022,1
GLENFIELD,2025,1
GREENTREE,2012,42
GREENTREE,2013,38
GREENTREE,2014,13
GREENTREE,2015,23
GREENTREE,2016,18
GREENTREE,2017,33
GREENTREE,2018,25
GREENTREE,2019,24
GREENTREE,2020,40
GREENTREE,2021,44
GREENTREE,2022,62
GREENTREE,2023,41
GREENTREE,2024,49
GREENTREE,2025,14
HAMPTON,2012,174
HAMPTON,2013,118
HAMPTON,2014,47
HAMPTON,2015,72
HAMPTON,2016,102
HAMPTON,2017,126
HAMPTON,2018,117
HAMPTON,2019,53
HAMPTON,2020,143
HAMPTON,2021,162
HAMPTON,2022,166
HAMPTON,2023,153
HAMPTON,2024,155
HAMPTON,2025,57
HARMAR,2012,28
HARMAR,2013,24
HARMAR,2014,10
HARMAR,2015,8
HARMAR,2016,17
HARMAR,2017,13
HARMAR,2018,12
HARMAR,2019,12
HARMAR,2020,30
HARMAR,2021,20
HARMAR,2022,22
HARMAR,2023,24
HARMAR,2024,19
HARMAR,2025,7
HARRISON,2012,69
HARRISON,2013,68
HARRISON,2014,21
HARRISON,2015,30
HARRISON,2016,41
HARRISON,2017,58
HARRISON,2018,64
HARRISON,2019,34
HARRISON,2020,70
HARRISON,2021,93
HARRISON,2022,86
HARRISON,2023,82
HARRISON,2024,70
HARRISON,2025,28
HAYSVILLE,2016,1
HAYSVILLE,2021,1
HAYSVILLE,2022,1
HAYSVILLE,2024,1
HEIDELBERG,2012,14
HEIDELBERG,2013,8
HEIDELBERG,2014,6
HEIDELBERG,2015,6
HEIDELBERG,2016,10
HEIDELBERG,2017,5
HEIDELBERG,2018,6
HEIDELBERG,2019,4
HEIDELBERG,2020,12
HEIDELBERG,2021,14
HEIDELBERG,2022,15
HEIDELBERG,2023,15
HEIDELBERG,2024,9
HEIDELBERG,2025,4
HOMESTEAD,2012,17
HOMESTEAD,2013,10
HOMESTEAD,2015,2
HOMESTEAD,2016,6
HOMESTEAD,2017,3
HOMESTEAD,2018,9
HOMESTEAD,2019,8
HOMESTEAD,2020,6
HOMESTEAD,2021,5
HOMESTEAD,2022,15
HOMESTEAD,2023,11
HOMESTEAD,2024,5
HOMESTEAD,2025,5
INDIANA,2012,63
INDIANA,2013,29
INDIANA,2014,13
INDIANA,2015,21
INDIANA,2016,30
INDIANA,2017,36
INDIANA,2018,36
INDIANA,2019,19
INDIANA,2020,54
INDIANA,2021,49
INDIANA,2022,41
INDIANA,2023,44
INDIANA,2024,46
INDIANA,2025,20
INGRAM,2012,16
INGRAM,2013,18
INGRAM,2014,14
INGRAM,2015,7
INGRAM,2016,15
INGRAM,2017,16
INGRAM,2018,12
INGRAM,2019,14
INGRAM,2020,12
INGRAM,2021,12
INGRAM,2022,24
INGRAM,2023,24
INGRAM,2024,22
INGRAM,2025,11
JEFFERSON HILLS,2012,101
JEFFERSON HILLS,2013,74
JEFFERSON HILLS,2014,32
JEFFERSON HILLS,2015,39
JEFFERSON HILLS,2016,46
JEFFERSON HILLS,2017,41
JEFFERSON HILLS,2018,47
JEFFERSON HILLS,2019,40
JEFFERSON HILLS,2020,59
JEFFERSON HILLS,2021,95
JEFFERSON HILLS,2022,74
JEFFERSON HILLS,2023,66
JEFFERSON HILLS,2024,78
JEFFERSON HILLS,2025,31
KENNEDY,2012,87
KENNEDY,2013,68
KENNEDY,2014,29
KENNEDY,2015,34
KENNEDY,2016,63
KENNEDY,2017,48
KENNEDY,2018,51
KENNEDY,2019,40
KENNEDY,2020,72
KENNEDY,2021,61
KENNEDY,2022,73
KENNEDY,2023,84
KENNEDY,2024,83
KENNEDY,2025,25
KILBUCK,2012,5
KILBUCK,2013,4
KILBUCK,2014,2
KILBUCK,2016,4
KILBUCK,2017,1
KILBUCK,2018,2
KILBUCK,2020,2
KILBUCK,2021,3
KILBUCK,2022,7
KILBUCK,2023,6
KILBUCK,2024,5
KILBUCK,2025,2
LEET,2012,10
LEET,2013,13
LEET,2014,4
LEET,2015,10
LEET,2016,7
LEET,2017,9
LEET,2018,12
LEET,2019,3
LEET,2020,9
LEET,2021,9
LEET,2022,17
LEET,2023,13
LEET,2024,15
LEET,2025,7
LEETSDALE,2012,7
LEETSDALE,2013,11
LEETSDALE,2014,5
LEETSDALE,2015,1
LEETSDALE,2016,5
LEETSDALE,2017,8
LEETSDALE,2018,8
LEETSDALE,2019,4
LEETSDALE,2020,9
LEETSDALE,2021,6
LEETSDALE,2022,10
LEETSDALE,2023,14
LEETSDALE,2024,9
LEETSDALE,2025,6
LIBERTY,2012,21
LIBERTY,2013,21
LIBERTY,2014,7
LIBERTY,2015,6
LIBERTY,2016,11
LIBERTY,2017,18
LIBERTY,2018,13
LIBERTY,2019,10
LIBERTY,2020,13
LIBERTY,2021,17
LIBERTY,2022,26
LIBERTY,2023,21
LIBERTY,2024,20
LIBERTY,2025,6
LINCOLN,2012,2
LINCOLN,2013,2
LINCOLN,2016,2
LINCOLN,2017,3
LINCOLN,2018,4
LINCOLN,2019,5
LINCOLN,2020,4
LINCOLN,2021,3
LINCOLN,2022,3
LINCOLN,2023,7
LINCOLN,2024,4
LINCOLN,2025,2
MARSHALL,2012,103
MARSHALL,2013,73
MARSHALL,2014,28
MARSHALL,2015,42
MARSHALL,2016,58
MARSHALL,2017,82
MARSHALL,2018,86
MARSHALL,2019,59
MARSHALL,2020,112
MARSHALL,2021,126
MARSHALL,2022,115
MARSHALL,2023,99
MARSHALL,2024,101
MARSHALL,2025,30
MCCANDLESS,2012,276
MCCANDLESS,2013,257
MCCANDLESS,2014,122
MCCANDLESS,2015,122
MCCANDLESS,2016,172
MCCANDLESS,2017,210
MCCANDLESS,2018,216
MCCANDLESS,2019,110
MCCANDLESS,2020,240
MCCANDLESS,2021,231
MCCANDLESS,2022,298
MCCANDLESS,2023,264
MCCANDLESS,2024,256
MCCANDLESS,2025,89
MCDONALD,2012,3
MCDONALD,2014,1
MCDONALD,2017,2
MCDONALD,2018,1
MCDONALD,2021,4
MCDONALD,2022,2
MCDONALD,2023,2
MCDONALD,2024,1
MCKEES ROCKS,2012,50
MCKEES ROCKS,2013,25
MCKEES ROCKS,2014,9
MCKEES ROCKS,2015,10
MCKEES ROCKS,2016,13
MCKEES ROCKS,2017,14
MCKEES ROCKS,2018,18
MCKEES ROCKS,2019,14
MCKEES ROCKS,2020,26
MCKEES ROCKS,2021,20
MCKEES ROCKS,2022,44
MCKEES ROCKS,2023,31
MCKEES ROCKS,2024,37
MCKEES ROCKS,2025,12
MILLVALE,2012,29
MILLVALE,2013,13
MILLVALE,2014,5
MILLVALE,2015,2
MILLVALE,2016,9
MILLVALE,2017,10
MILLVALE,2018,10
MILLVALE,2019,5
MILLVALE,2020,12
MILLVALE,2021,10
MILLVALE,2022,16
MILLVALE,2023,18
MILLVALE,2024,22
MILLVALE,2025,12
MONROEVILLE,2012,196
MONROEVILLE,2013,173
MONROEVILLE,2014,66
MONROEVILLE,2015,62
MONROEVILLE,2016,126
MONROEVILLE,2017,162
MONROEVILLE,2018,164
MONROEVILLE,2019,109
MONROEVILLE,2020,222
MONROEVILLE,2021,239
MONROEVILLE,2022,286
MONROEVILLE,2023,217
MONROEVILLE,2024,220
MONROEVILLE,2025,86
MOON,2012,326
MOON,2013,240
MOON,2014,134
MOON,2015,106
MOON,2016,182
MOON,2017,177
MOON,2018,173
MOON,2019,143
MOON,2020,235
MOON,2021,182
MOON,2022,235
MOON,2023,215
MOON,2024,249
MOON,2025,91
MT. OLIVER,2012,38
MT. OLIVER,2013,19
MT. OLIVER,2014,11
MT. OLIVER,2015,3
MT. OLIVER,2016,12
MT. OLIVER,2017,8
MT. OLIVER,2018,12
MT. OLIVER,2019,9
MT. OLIVER,2020,8
MT. OLIVER,2021,12
MT. OLIVER,2022,23
MT. OLIVER,2023,26
MT. OLIVER,2024,16
MT. OLIVER,2025,12
MT.LEBANON,2012,376
MT.LEBANON,2013,258
MT.LEBANON,2014,135
MT.LEBANON,2015,147
MT.LEBANON,2016,204
MT.LEBANON,2017,190
MT.LEBANON,2018,168
MT.LEBANON,2019,126
MT.LEBANON,2020,259
MT.LEBANON,2021,226
MT.LEBANON,2022,353
MT.LEBANON,2023,351
MT.LEBANON,2024,292
MT.LEBANON,2025,106
MUNHALL,2012,91
MUNHALL,2013,68
MUNHALL,2014,15
MUNHALL,2015,26
MUNHALL,2016,47
MUNHALL,2017,51
MUNHALL,2018,50
MUNHALL,2019,21
MUNHALL,2020,58
MUNHALL,2021,70
MUNHALL,2022,88
MUNHALL,2023,76
MUNHALL,2024,100
MUNHALL,2025,34
NEVILLE,2012,9
NEVILLE,2013,6
NEVILLE,2015,1
NEVILLE,2016,6
NEVILLE,2017,5
NEVILLE,2018,2
NEVILLE,2019,2
NEVILLE,2020,6
NEVILLE,2021,10
NEVILLE,2022,6
NEVILLE,2023,7
NEVILLE,2024,4
NEVILLE,2025,4
NORTH BRADDOCK,2012,40
NORTH BRADDOCK,2013,14
NORTH BRADDOCK,2014,3
NORTH BRADDOCK,2015,2
NORTH BRADDOCK,2016,4
NORTH BRADDOCK,2017,10
NORTH BRADDOCK,2018,9
NORTH BRADDOCK,2019,5
NORTH BRADDOCK,2020,18
NORTH BRADDOCK,2021,12
NORTH BRADDOCK,2022,16
NORTH BRADDOCK,2023,14
NORTH BRADDOCK,2024,19
NORTH BRADDOCK,2025,5
NORTH FAYETTE,2012,177
NORTH FAYETTE,2013,130
NORTH FAYETTE,2014,53
NORTH FAYETTE,2015,57
NORTH FAYETTE,2016,74
NORTH FAYETTE,2017,96
NORTH FAYETTE,2018,87
NORTH FAYETTE,2019,72
NORTH FAYETTE,2020,127
NORTH FAYETTE,2021,127
NORTH FAYETTE,2022,133
NORTH FAYETTE,2023,112
NORTH FAYETTE,2024,115
NORTH FAYETTE,2025,40
NORTH VERSAILLES,2012,65
NORTH VERSAILLES,2013,52
NORTH VERSAILLES,2014,21
NORTH VERSAILLES,2015,22
NORTH VERSAILLES,2016,30
NORTH VERSAILLES,2017,36
NORTH VERSAILLES,2018,52
NORTH VERSAILLES,2019,40
NORTH VERSAILLES,2020,57
NORTH VERSAILLES,2021,69
NORTH VERSAILLES,2022,70
NORTH VERSAILLES,2023,77
NORTH VERSAILLES,2024,78
NORTH VERSAILLES,2025,33
O''HARA,2012,110
O''HARA,2013,74
O''HARA,2014,41
O''HARA,2015,40
O''HARA,2016,57
O''HARA,2017,72
O''HARA,2018,60
O''HARA,2019,36
O''HARA,2020,83
O''HARA,2021,74
O''HARA,2022,106
O''HARA,2023,97
O''HARA,2024,80
O''HARA,2025,33
OAKDALE,2012,13
OAKDALE,2013,4
OAKDALE,2014,4
OAKDALE,2015,1
OAKDALE,2016,6
OAKDALE,2017,2
OAKDALE,2018,8
OAKDALE,2019,3
OAKDALE,2020,8
OAKDALE,2021,9
OAKDALE,2022,15
OAKDALE,2023,6
OAKDALE,2024,15
OAKDALE,2025,3
OAKMONT,2012,73
OAKMONT,2013,34
OAKMONT,2014,20
OAKMONT,2015,30
OAKMONT,2016,40
OAKMONT,2017,38
OAKMONT,2018,39
OAKMONT,2019,34
OAKMONT,2020,60
OAKMONT,2021,70
OAKMONT,2022,81
OAKMONT,2023,72
OAKMONT,2024,71
OAKMONT,2025,25
OHIO,2012,95
OHIO,2013,56
OHIO,2014,21
OHIO,2015,29
OHIO,2016,42
OHIO,2017,35
OHIO,2018,52
OHIO,2019,41
OHIO,2020,61
OHIO,2021,63
OHIO,2022,64
OHIO,2023,60
OHIO,2024,51
OHIO,2025,18
PENN HILLS,2012,404
PENN HILLS,2013,233
PENN HILLS,2014,106
PENN HILLS,2015,93
PENN HILLS,2016,170
PENN HILLS,2017,216
PENN HILLS,2018,281
PENN HILLS,2019,178
PENN HILLS,2020,328
PENN HILLS,2021,361
PENN HILLS,2022,443
PENN HILLS,2023,394
PENN HILLS,2024,382
PENN HILLS,2025,137
PENNSBURY VILLAGE,2012,37
PENNSBURY VILLAGE,2013,16
PENNSBURY VILLAGE,2014,6
PENNSBURY VILLAGE,2015,12
PENNSBURY VILLAGE,2016,17
PENNSBURY VILLAGE,2017,15
PENNSBURY VILLAGE,2018,21
PENNSBURY VILLAGE,2019,10
PENNSBURY VILLAGE,2020,26
PENNSBURY VILLAGE,2021,26
PENNSBURY VILLAGE,2022,31
PENNSBURY VILLAGE,2023,25
PENNSBURY VILLAGE,2024,30
PENNSBURY VILLAGE,2025,3
PINE,2012,134
PINE,2013,131
PINE,2014,64
PINE,2015,64
PINE,2016,64
PINE,2017,122
PINE,2018,102
PINE,2019,87
PINE,2020,161
PINE,2021,171
PINE,2022,165
PINE,2023,127
PINE,2024,133
PINE,2025,38
PITCAIRN,2012,14
PITCAIRN,2013,10
PITCAIRN,2014,1
PITCAIRN,2015,2
PITCAIRN,2016,9
PITCAIRN,2017,7
PITCAIRN,2018,9
PITCAIRN,2019,6
PITCAIRN,2020,5
PITCAIRN,2021,14
PITCAIRN,2022,18
PITCAIRN,2023,15
PITCAIRN,2024,13
PITCAIRN,2025,6
PLEASANT HILLS,2012,69
PLEASANT HILLS,2013,65
PLEASANT HILLS,2014,25
PLEASANT HILLS,2015,24
PLEASANT HILLS,2016,49
PLEASANT HILLS,2017,51
PLEASANT HILLS,2018,40
PLEASANT HILLS,2019,25
PLEASANT HILLS,2020,50
PLEASANT HILLS,2021,83
PLEASANT HILLS,2022,91
PLEASANT HILLS,2023,71
PLEASANT HILLS,2024,84
PLEASANT HILLS,2025,24
PLUM,2012,202
PLUM,2013,157
PLUM,2014,51
PLUM,2015,75
PLUM,2016,109
PLUM,2017,135
PLUM,2018,114
PLUM,2019,102
PLUM,2020,180
PLUM,2021,206
PLUM,2022,220
PLUM,2023,209
PLUM,2024,199
PLUM,2025,88
PORT VUE,2012,32
PORT VUE,2013,20
PORT VUE,2014,6
PORT VUE,2015,11
PORT VUE,2016,18
PORT VUE,2017,15
PORT VUE,2018,18
PORT VUE,2019,20
PORT VUE,2020,33
PORT VUE,2021,29
PORT VUE,2022,41
PORT VUE,2023,38
PORT VUE,2024,43
PORT VUE,2025,13
RANKIN,2012,15
RANKIN,2013,4
RANKIN,2015,1
RANKIN,2016,1
RANKIN,2017,1
RANKIN,2018,1
RANKIN,2019,3
RANKIN,2020,3
RANKIN,2021,2
RANKIN,2022,1
RANKIN,2023,2
RANKIN,2024,4
RANKIN,2025,2
RESERVE,2012,39
RESERVE,2013,17
RESERVE,2014,11
RESERVE,2015,11
RESERVE,2016,17
RESERVE,2017,19
RESERVE,2018,21
RESERVE,2019,12
RESERVE,2020,20
RESERVE,2021,20
RESERVE,2022,26
RESERVE,2023,32
RESERVE,2024,35
RESERVE,2025,10
RICHLAND,2012,135
RICHLAND,2013,111
RICHLAND,2014,53
RICHLAND,2015,57
RICHLAND,2016,68
RICHLAND,2017,81
RICHLAND,2018,70
RICHLAND,2019,41
RICHLAND,2020,92
RICHLAND,2021,111
RICHLAND,2022,108
RICHLAND,2023,79
RICHLAND,2024,94
RICHLAND,2025,33
ROBINSON,2012,113
ROBINSON,2013,125
ROBINSON,2014,41
ROBINSON,2015,57
ROBINSON,2016,70
ROBINSON,2017,89
ROBINSON,2018,91
ROBINSON,2019,57
ROBINSON,2020,104
ROBINSON,2021,108
ROBINSON,2022,120
ROBINSON,2023,124
ROBINSON,2024,89
ROBINSON,2025,40
ROSS,2012,286
ROSS,2013,276
ROSS,2014,136
ROSS,2015,141
ROSS,2016,195
ROSS,2017,298
ROSS,2018,221
ROSS,2019,128
ROSS,2020,280
ROSS,2021,305
ROSS,2022,365
ROSS,2023,314
ROSS,2024,304
ROSS,2025,91
ROSSLYN FARMS,2012,6
ROSSLYN FARMS,2013,2
ROSSLYN FARMS,2014,4
ROSSLYN FARMS,2015,2
ROSSLYN FARMS,2016,4
ROSSLYN FARMS,2017,1
ROSSLYN FARMS,2018,3
ROSSLYN FARMS,2019,3
ROSSLYN FARMS,2020,9
ROSSLYN FARMS,2021,2
ROSSLYN FARMS,2022,5
ROSSLYN FARMS,2023,2
ROSSLYN FARMS,2024,6
SCOTT,2012,169
SCOTT,2013,171
SCOTT,2014,79
SCOTT,2015,56
SCOTT,2016,114
SCOTT,2017,92
SCOTT,2018,108
SCOTT,2019,56
SCOTT,2020,124
SCOTT,2021,151
SCOTT,2022,198
SCOTT,2023,171
SCOTT,2024,172
SCOTT,2025,65
SEWICKLEY,2012,41
SEWICKLEY,2013,49
SEWICKLEY,2014,26
SEWICKLEY,2015,35
SEWICKLEY,2016,27
SEWICKLEY,2017,31
SEWICKLEY,2018,29
SEWICKLEY,2019,23
SEWICKLEY,2020,32
SEWICKLEY,2021,32
SEWICKLEY,2022,53
SEWICKLEY,2023,52
SEWICKLEY,2024,58
SEWICKLEY,2025,15
SEWICKLEY HEIGHTS,2012,3
SEWICKLEY HEIGHTS,2013,5
SEWICKLEY HEIGHTS,2014,5
SEWICKLEY HEIGHTS,2015,2
SEWICKLEY HEIGHTS,2016,7
SEWICKLEY HEIGHTS,2017,4
SEWICKLEY HEIGHTS,2018,2
SEWICKLEY HEIGHTS,2019,1
SEWICKLEY HEIGHTS,2020,4
SEWICKLEY HEIGHTS,2021,3
SEWICKLEY HEIGHTS,2022,5
SEWICKLEY HEIGHTS,2023,4
SEWICKLEY HEIGHTS,2024,5
SEWICKLEY HEIGHTS,2025,1
SEWICKLEY HILLS,2012,20
SEWICKLEY HILLS,2013,3
SEWICKLEY HILLS,2014,1
SEWICKLEY HILLS,2015,6
SEWICKLEY HILLS,2016,5
SEWICKLEY HILLS,2017,1
SEWICKLEY HILLS,2018,3
SEWICKLEY HILLS,2019,4
SEWICKLEY HILLS,2020,12
SEWICKLEY HILLS,2021,4
SEWICKLEY HILLS,2022,7
SEWICKLEY HILLS,2023,10
SEWICKLEY HILLS,2024,8
SEWICKLEY HILLS,2025,1
SHALER,2012,236
SHALER,2013,180
SHALER,2014,91
SHALER,2015,117
SHALER,2016,142
SHALER,2017,223
SHALER,2018,170
SHALER,2019,113
SHALER,2020,214
SHALER,2021,196
SHALER,2022,272
SHALER,2023,284
SHALER,2024,268
SHALER,2025,113
SHARPSBURG,2012,9
SHARPSBURG,2013,4
SHARPSBURG,2014,10
SHARPSBURG,2015,10
SHARPSBURG,2016,5
SHARPSBURG,2017,6
SHARPSBURG,2018,27
SHARPSBURG,2019,2
SHARPSBURG,2020,8
SHARPSBURG,2021,3
SHARPSBURG,2022,19
SHARPSBURG,2023,16
SHARPSBURG,2024,9
SHARPSBURG,2025,3
SOUTH FAYETTE,2012,215
SOUTH FAYETTE,2013,158
SOUTH FAYETTE,2014,77
SOUTH FAYETTE,2015,83
SOUTH FAYETTE,2016,114
SOUTH FAYETTE,2017,129
SOUTH FAYETTE,2018,136
SOUTH FAYETTE,2019,103
SOUTH FAYETTE,2020,185
SOUTH FAYETTE,2021,224
SOUTH FAYETTE,2022,177
SOUTH FAYETTE,2023,178
SOUTH FAYETTE,2024,207
SOUTH FAYETTE,2025,70
SOUTH PARK,2012,110
SOUTH PARK,2013,100
SOUTH PARK,2014,21
SOUTH PARK,2015,36
SOUTH PARK,2016,83
SOUTH PARK,2017,72
SOUTH PARK,2018,61
SOUTH PARK,2019,51
SOUTH PARK,2020,90
SOUTH PARK,2021,129
SOUTH PARK,2022,127
SOUTH PARK,2023,104
SOUTH PARK,2024,111
SOUTH PARK,2025,51
SOUTH VERSAILLES,2013,1
SOUTH VERSAILLES,2016,1
SOUTH VERSAILLES,2020,1
SOUTH VERSAILLES,2024,3
SPRINGDALE BORO,2012,19
SPRINGDALE BORO,2013,24
SPRINGDALE BORO,2014,5
SPRINGDALE BORO,2015,3
SPRINGDALE BORO,2016,9
SPRINGDALE BORO,2017,15
SPRINGDALE BORO,2018,8
SPRINGDALE BORO,2019,14
SPRINGDALE BORO,2020,17
SPRINGDALE BORO,2021,25
SPRINGDALE BORO,2022,20
SPRINGDALE BORO,2023,30
SPRINGDALE BORO,2024,21
SPRINGDALE BORO,2025,9
SPRINGDALE TWP,2012,8
SPRINGDALE TWP,2013,11
SPRINGDALE TWP,2014,5
SPRINGDALE TWP,2015,2
SPRINGDALE TWP,2016,8
SPRINGDALE TWP,2017,12
SPRINGDALE TWP,2018,4
SPRINGDALE TWP,2019,3
SPRINGDALE TWP,2020,15
SPRINGDALE TWP,2021,11
SPRINGDALE TWP,2022,14
SPRINGDALE TWP,2023,15
SPRINGDALE TWP,2024,9
SPRINGDALE TWP,2025,8
STOWE,2012,44
STOWE,2013,25
STOWE,2014,13
STOWE,2015,17
STOWE,2016,23
STOWE,2017,30
STOWE,2018,20
STOWE,2019,22
STOWE,2020,22
STOWE,2021,40
STOWE,2022,55
STOWE,2023,46
STOWE,2024,33
STOWE,2025,29
SWISSVALE,2012,70
SWISSVALE,2013,53
SWISSVALE,2014,19
SWISSVALE,2015,24
SWISSVALE,2016,45
SWISSVALE,2017,48
SWISSVALE,2018,39
SWISSVALE,2019,29
SWISSVALE,2020,60
SWISSVALE,2021,54
SWISSVALE,2022,72
SWISSVALE,2023,78
SWISSVALE,2024,67
SWISSVALE,2025,36
TARENTUM,2012,11
TARENTUM,2013,7
TARENTUM,2014,4
TARENTUM,2015,7
TARENTUM,2016,12
TARENTUM,2017,9
TARENTUM,2018,19
TARENTUM,2019,7
TARENTUM,2020,12
TARENTUM,2021,25
TARENTUM,2022,35
TARENTUM,2023,23
TARENTUM,2024,22
TARENTUM,2025,7
THORNBURG,2012,1
THORNBURG,2013,4
THORNBURG,2014,1
THORNBURG,2015,1
THORNBURG,2016,1
THORNBURG,2017,5
THORNBURG,2018,1
THORNBURG,2020,3
THORNBURG,2021,4
THORNBURG,2022,7
THORNBURG,2023,3
THORNBURG,2024,4
TRAFFORD,2020,2
TURTLE CREEK,2012,41
TURTLE CREEK,2013,12
TURTLE CREEK,2014,4
TURTLE CREEK,2015,5
TURTLE CREEK,2016,17
TURTLE CREEK,2017,14
TURTLE CREEK,2018,16
TURTLE CREEK,2019,11
TURTLE CREEK,2020,22
TURTLE CREEK,2021,24
TURTLE CREEK,2022,28
TURTLE CREEK,2023,15
TURTLE CREEK,2024,25
TURTLE CREEK,2025,7
UPPER ST. CLAIR,2012,239
UPPER ST. CLAIR,2013,173
UPPER ST. CLAIR,2014,97
UPPER ST. CLAIR,2015,105
UPPER ST. CLAIR,2016,93
UPPER ST. CLAIR,2017,112
UPPER ST. CLAIR,2018,130
UPPER ST. CLAIR,2019,113
UPPER ST. CLAIR,2020,204
UPPER ST. CLAIR,2021,210
UPPER ST. CLAIR,2022,245
UPPER ST. CLAIR,2023,206
UPPER ST. CLAIR,2024,210
UPPER ST. CLAIR,2025,52
VERONA,2012,20
VERONA,2013,10
VERONA,2014,1
VERONA,2015,2
VERONA,2016,9
VERONA,2017,8
VERONA,2018,7
VERONA,2019,6
VERONA,2020,4
VERONA,2021,9
VERONA,2022,7
VERONA,2023,13
VERONA,2024,16
VERONA,2025,3
VERSAILLES,2012,14
VERSAILLES,2013,4
VERSAILLES,2014,2
VERSAILLES,2016,6
VERSAILLES,2017,4
VERSAILLES,2018,7
VERSAILLES,2019,2
VERSAILLES,2020,9
VERSAILLES,2021,8
VERSAILLES,2022,10
VERSAILLES,2023,2
VERSAILLES,2024,8
VERSAILLES,2025,2
WALL,2012,2
WALL,2014,1
WALL,2017,3
WALL,2020,3
WALL,2021,3
WALL,2022,6
WALL,2023,2
WALL,2024,5
WEST DEER,2012,108
WEST DEER,2013,70
WEST DEER,2014,36
WEST DEER,2015,36
WEST DEER,2016,61
WEST DEER,2017,53
WEST DEER,2018,65
WEST DEER,2019,41
WEST DEER,2020,62
WEST DEER,2021,67
WEST DEER,2022,101
WEST DEER,2023,87
WEST DEER,2024,87
WEST DEER,2025,40
WEST ELIZABETH,2012,2
WEST ELIZABETH,2013,2
WEST ELIZABETH,2015,1
WEST ELIZABETH,2017,1
WEST ELIZABETH,2020,3
WEST ELIZABETH,2021,1
WEST ELIZABETH,2022,3
WEST ELIZABETH,2023,3
WEST ELIZABETH,2024,1
WEST HOMESTEAD,2012,16
WEST HOMESTEAD,2013,10
WEST HOMESTEAD,2014,3
WEST HOMESTEAD,2015,1
WEST HOMESTEAD,2016,5
WEST HOMESTEAD,2017,6
WEST HOMESTEAD,2018,10
WEST HOMESTEAD,2019,7
WEST HOMESTEAD,2020,8
WEST HOMESTEAD,2021,11
WEST HOMESTEAD,2022,20
WEST HOMESTEAD,2023,12
WEST HOMESTEAD,2024,9
WEST HOMESTEAD,2025,2
WEST MIFFLIN,2012,136
WEST MIFFLIN,2013,109
WEST MIFFLIN,2014,40
WEST MIFFLIN,2015,48
WEST MIFFLIN,2016,78
WEST MIFFLIN,2017,100
WEST MIFFLIN,2018,85
WEST MIFFLIN,2019,74
WEST MIFFLIN,2020,155
WEST MIFFLIN,2021,107
WEST MIFFLIN,2022,188
WEST MIFFLIN,2023,190
WEST MIFFLIN,2024,151
WEST MIFFLIN,2025,66
WEST VIEW,2012,64
WEST VIEW,2013,57
WEST VIEW,2014,23
WEST VIEW,2015,27
WEST VIEW,2016,44
WEST VIEW,2017,40
WEST VIEW,2018,47
WEST VIEW,2019,24
WEST VIEW,2020,51
WEST VIEW,2021,50
WEST VIEW,2022,70
WEST VIEW,2023,58
WEST VIEW,2024,53
WEST VIEW,2025,16
WHITAKER,2012,8
WHITAKER,2013,2
WHITAKER,2015,1
WHITAKER,2016,9
WHITAKER,2017,7
WHITAKER,2018,1
WHITAKER,2019,4
WHITAKER,2020,4
WHITAKER,2021,5
WHITAKER,2022,9
WHITAKER,2023,9
WHITAKER,2024,4
WHITAKER,2025,4
WHITE OAK,2012,60
WHITE OAK,2013,44
WHITE OAK,2014,17
WHITE OAK,2015,18
WHITE OAK,2016,37
WHITE OAK,2017,28
WHITE OAK,2018,42
WHITE OAK,2019,33
WHITE OAK,2020,47
WHITE OAK,2021,61
WHITE OAK,2022,70
WHITE OAK,2023,59
WHITE OAK,2024,64
WHITE OAK,2025,21
WHITEHALL,2012,144
WHITEHALL,2013,147
WHITEHALL,2014,49
WHITEHALL,2015,52
WHITEHALL,2016,74
WHITEHALL,2017,73
WHITEHALL,2018,81
WHITEHALL,2019,47
WHITEHALL,2020,114
WHITEHALL,2021,152
WHITEHALL,2022,143
WHITEHALL,2023,111
WHITEHALL,2024,118
WHITEHALL,2025,51
WILKINS,2012,47
WILKINS,2013,34
WILKINS,2014,14
WILKINS,2015,8
WILKINS,2016,37
WILKINS,2017,25
WILKINS,2018,19
WILKINS,2019,27
WILKINS,2020,53
WILKINS,2021,54
WILKINS,2022,73
WILKINS,2023,66
WILKINS,2024,69
WILKINS,2025,24
WILKINSBURG,2012,95
WILKINSBURG,2013,47
WILKINSBURG,2014,16
WILKINSBURG,2015,17
WILKINSBURG,2016,34
WILKINSBURG,2017,44
WILKINSBURG,2018,28
WILKINSBURG,2019,32
WILKINSBURG,2020,57
WILKINSBURG,2021,47
WILKINSBURG,2022,89
WILKINSBURG,2023,75
WILKINSBURG,2024,71
WILKINSBURG,2025,28
WILMERDING,2012,9
WILMERDING,2013,9
WILMERDING,2014,4
WILMERDING,2015,3
WILMERDING,2016,3
WILMERDING,2017,3
WILMERDING,2018,7
WILMERDING,2019,5
WILMERDING,2020,4
WILMERDING,2021,14
WILMERDING,2022,10
WILMERDING,2023,5
WILMERDING,2024,9
WILMERDING,2025,5
